Genus and Species,Common Name
Acris crepitans,Northern cricket frog
Acris crepitans/gryllus,Northern/Southern cricket frog complex
Acris gryllus,Southern cricket frog
Anaxyrus americanus,American toad
Anaxyrus americanus/terrestris,American/Southern toad complex
Anaxyrus cognatus,Great plains toad
Anaxyrus fowleri,Fowler's toad
Anaxyrus fowleri/woodhousii ,Fowler's/Woodhouse's toad complex
Anaxyrus hemiophrys,Canadian toad
Anaxyrus quercicus,Oak toad
Anaxyrus terrestris,Southern toad
Eleutherodactylus cystignathoides,Rio Grande chirping Frog
Eleutherodactylus marnockii,Cliff chirping frog
Eleutherodactylus planirostris,Greenhouse frog
Gastrophryne carolinensis,Eastern narrowmouth toad
Gastrophryne olivacea,Great plains narrowmouth toad
Hyla andersonii,Pine barrens treefrog
Hyla avivoca,Bird-voiced treefrog
Hyla chrysoscelis,Cope's gray treefrog
Hyla chrysoscelis/versicolor,Cope's gray/Gray treefrog complex
Hyla cinerea,Green treefrog
Hyla femoralis,Pine woods treefrog
Hyla gratiosa,Barking treefrog
Hyla squirella,Squirrel treefrog
Hyla versicolor,Gray treefrog
Incilius nebulifer,Coastal plain toad
Lithobates areolatus,Crawfish frog
Lithobates berlandieri,Rio Grande leopard frog
Lithobates blairi,Plains leopard frog
Lithobates capito,Gopher frog
Lithobates catesbeianus,American bullfrog
Lithobates clamitans,Green frog
Lithobates grylio,Pig frog
Lithobates heckscheri,River frog
Lithobates okaloosae,Florida bog frog
Lithobates palustris,Pickerel frog
Lithobates pipiens,Northern leopard frog
Lithobates septentrionalis,Mink frog
Lithobates sphenocephalus,Southern leopard frog
Lithobates sylvaticus,Wood frog
Lithobates virgatipes,Carpenter frog
Osteopilus septentrionalis,Cuban treefrog
Pseudacris brachyphona,Mountain chorus frog
Pseudacris brimleyi,Brimley's chorus frog
Pseudacris clarkii,Spotted chorus frog
Pseudacris crucifer,Spring peeper
Pseudacris feriarum,Upland chorus frog
Pseudacris feriarum/fouquettei,Upland/Cajun chorus frog complex
Pseudacris feriarum/kalmi,Upland/New Jersey chorus frog complex
Pseudacris feriarum/triseriata,Upland/Western chorus frog complex
Pseudacris fouquettei,Cajun chorus frog
Pseudacris illinoensis,Illinois chorus frog
Pseudacris kalmi,New Jersey chorus frog
Pseudacris maculata,Boreal chorus frog
Pseudacris maculata/feriarum,Boreal/Upland chorus frog complex
Pseudacris maculata/triseriata,Boreal/Western chorus frog complex
Pseudacris nigrita,Southern chorus frog
Pseudacris nigrita/feriarum,Southern/Upland chorus frog
Pseudacris ocularis,Little grass frog
Pseudacris ornata,Ornate chorus frog
Pseudacris streckeri,Strecker's chorus frog
Pseudacris triseriata,Western chorus frog
Rhinella marina,Cane toad
Scaphiopus couchii,Couch's spadefoot toad
Scaphiopus holbrookii,Eastern spadefoot toad
Scaphiopus hurterii,Hurter's spadefoot toad
Spea bombifrons,Plains spadefoot toad
,
